{"mean":{"confidence_interval":{"confidence_level":0.95,"lower_bound":-0.003149396149265238,"upper_bound":0.005902688023214772},"point_estimate":0.0018318843633384763,"standard_error":0.0023140200051011365},"median":{"confidence_interval":{"confidence_level":0.95,"lower_bound":-0.00008108827209463154,"upper_bound":0.0007799942709629804},"point_estimate":0.00013050147425519576,"standard_error":0.00022217150820200008}}