{"mean":{"confidence_interval":{"confidence_level":0.95,"lower_bound":0.034148419286493426,"upper_bound":0.049294228329762116},"point_estimate":0.041920098484059976,"standard_error":0.003873409888404123},"median":{"confidence_interval":{"confidence_level":0.95,"lower_bound":0.036801435462416654,"upper_bound":0.04107067370995843},"point_estimate":0.03857693701749598,"standard_error":0.0011536844306013786}}